year,population,genderIndex,happinessScore
2016,2.047695884,0.707377493,0.5956
2017,1.980528851,0.702678204,0.5955999851
2018,1.92457577,0.518855989,0.5956
