year,population,genderIndex,happinessScore
2015,0.647403919,0.675572693,0.3678
2017,1.277504136,0.658729672,0.26930000779999996
2018,1.519051537,0.656443357,0.3083
2019,1.674745212,NA,0.3083
