year,population,genderIndex,happinessScore
2015,2.834860784,0.605921388,0.4971
2017,2.900629142,0.597708106,0.4550000191
2018,2.913458975,0.593625844,0.4417
2019,2.907137438,0.589383125,0.4466
