year,population,genderIndex,happinessScore
2015,0.584484971,0.366290897,0.6168
2016,0.52665947,0.364486426,0.6168
2017,0.471315702,0.363516778,0.6168000221
